control_id,control,criteria,category,type1_evidence,type2_population,type2_sample_record,system,owner,frequency,status,gap,remediation,due_date
GOV-01,Head of Security has the security policy set approved by the CEO each January; staff acknowledge at hire and annually in BambooHR,CC1.1,Security,Approved policy set with approval date; acknowledgement report,All active staff during the period,Acknowledgement date for each sampled person within 30 days of hire or of the annual cycle,BambooHR,Head of Security (Sam Ito),annually,partial,Policies approved in 2025 but no annual acknowledgement cycle has run,Run acknowledgement cycle before the period starts,2026-12-15
GOV-01,Head of Security has the security policy set approved by the CEO each January; staff acknowledge at hire and annually in BambooHR,CC5.3,Security,Approved policy set with approval date,All active staff during the period,Acknowledgement date for each sampled person,BambooHR,Head of Security (Sam Ito),annually,partial,As above,As above,2026-12-15
HR-01,People team runs background checks before each start date and tracks security training completion within 30 days of hire,CC1.4,Security,Background check procedure; training course configuration,All hires in the period from BambooHR,Background check completion date before start; training completion within 30 days,BambooHR; Certn; KnowBe4,People Ops Lead (Ola Brandt),per event,in place,,,
RISK-01,Head of Security runs an annual risk assessment and the leadership team reviews the register,CC3.2,Security,Risk assessment procedure; current risk register,The annual assessment in the period,Dated register and leadership meeting minutes showing review,Google Drive,Head of Security (Sam Ito),annually,gap,No risk assessment has been done,Run first risk assessment (see risk-register) and minute the review,2027-01-31
VEN-01,Head of Security assesses critical vendors at onboarding and reviews their SOC reports annually,CC9.2,Security,Vendor management procedure; vendor inventory,All critical vendors and all vendors onboarded in the period,Completed assessment or SOC report review per sampled vendor,Vanta,Head of Security (Sam Ito),annually,partial,Vendor inventory exists; no review records,Collect current SOC 2 reports for AWS and Okta and record reviews,2026-12-31
AC-01,Engineering managers grant access by Jira ticket with manager approval and role-based Okta groups,CC6.2,Security,Access procedure; Okta group-to-role mapping export; one approved ticket,All Okta accounts created in the period,Approved Jira ticket dated on or before account creation,Okta; Jira,IT Lead (Dev Rao),per event,in place,,,
AC-01,Engineering managers grant access by Jira ticket with manager approval and role-based Okta groups,CC6.3,Security,Okta group-to-role mapping export,All Okta accounts created in the period,Groups assigned match the role in the ticket,Okta; Jira,IT Lead (Dev Rao),per event,in place,,,
AC-02,IT removes all access within 24 hours of termination; BambooHR termination triggers Okta deactivation,CC6.2,Security,Offboarding procedure; BambooHR-Okta integration config; one example,All terminations in the period from BambooHR,Okta deactivation timestamp within 24 hours of termination date,BambooHR; Okta,IT Lead (Dev Rao),per event,in place,,,
AC-03,Engineering managers review AWS and GitHub admin access quarterly and record removals in Jira,CC6.3,Security,Review procedure; one completed review,The quarterly reviews in the period,Signed-off review list and Jira tickets for each removal,Jira; AWS IAM Identity Center; GitHub,VP Engineering (Kim Novak),quarterly,gap,Reviews happen ad hoc with no record,Schedule quarterly review ticket; first review before period start,2026-12-15
AC-04,IT enforces SSO with MFA for all workforce accounts in Okta,CC6.1,Security,Okta MFA policy export dated on the report date,Okta sign-on policy change log for the period,No policy change disabled MFA; MFA enrolment report at period end,Okta,IT Lead (Dev Rao),continuous,in place,,,
EP-01,IT manages all laptops in Kandji with disk encryption and malware protection enforced,CC6.8,Security,Kandji blueprint export; device compliance report,Device compliance reports for the period,Sampled devices show encryption and protection active,Kandji,IT Lead (Dev Rao) [to confirm],continuous,partial,Four contractor laptops are not enrolled,Enrol or replace contractor devices,2026-11-30
VM-01,Platform team scans production weekly with Snyk and fixes critical findings within 14 days and high within 30,CC7.1,Security,Scan configuration; remediation SLA in the vulnerability procedure,All critical and high findings opened in the period,Fix date within SLA or an approved exception,Snyk; Jira,Platform Lead (Rui Costa),weekly,in place,,,
MON-01,Platform team routes Datadog security alerts to the PagerDuty on-call rotation,CC7.2,Security,Alert routing configuration; on-call schedule,All security alerts in the period,Each sampled alert acknowledged and triaged in PagerDuty,Datadog; PagerDuty,Platform Lead (Rui Costa) [to confirm],continuous,in place,,,
IR-01,Head of Security maintains an incident response plan tested annually by tabletop; incidents are ticketed with a post-incident review,CC7.4,Security,Approved IR plan; tabletop record,All security incidents in the period and the annual tabletop,Incident ticket with timeline and post-incident review,Jira; Google Drive,Head of Security (Sam Ito),per event,partial,Plan exists; never tested,Run a tabletop exercise in the period,2027-03-31
CHG-01,Engineers deploy to production only through GitHub pull requests with one approval from someone other than the author and passing CI,CC8.1,Security,Branch protection settings export; one merged pull request,All production deployments in the period from GitHub Actions,Pull request with a non-author approval and green checks,GitHub,VP Engineering (Kim Novak),per event,partial,Two admins can bypass branch protection,Remove bypass rights or log and review each bypass,2026-11-15
BC-01,Platform team runs automated RDS backups daily and tests a restore every six months,CC7.5,Security,Backup configuration; restore test procedure,The restore tests in the period,Restore test record with date and outcome,AWS RDS; Jira,Platform Lead (Rui Costa) [to confirm],semi-annually,proposed,Backups run; no restore test has been done or recorded,Schedule and record restore tests,2027-01-31
