deploy_id,service,environment,deployed_at,status,recovered_at,unplanned
dep-1041,checkout-api,production,2026-07-06T09:40:00Z,success,,false
dep-1042,checkout-api,production,2026-07-08T15:28:00Z,success,,false
dep-1043,checkout-api,production,2026-07-10T11:26:00+01:00,success,,false
dep-1044,checkout-api,production,2026-07-15T09:51:00Z,success,,false
dep-1045,checkout-api,production,2026-07-16T11:52:00Z,success,,false
dep-stg-0007,checkout-api,staging,2026-07-14T10:00:00Z,success,,false
dep-1046,checkout-api,production,2026-07-17T14:44:00+01:00,hotfixed,,true
dep-1047,checkout-api,production,2026-07-20T16:09:00Z,success,,false
dep-1048,checkout-api,production,2026-07-22T10:35:00Z,success,,false
dep-1049,checkout-api,production,2026-07-23T13:52:00+01:00,success,,false
dep-1050,checkout-api,production,2026-07-24T09:22:00Z,success,,false
dep-1051,checkout-api,production,2026-07-27T12:45:00Z,success,,false
dep-1052,checkout-api,production,2026-07-29T13:46:00+01:00,success,,false
dep-1053,checkout-api,production,2026-07-30T12:21:00Z,success,,false
dep-1054,checkout-api,production,2026-07-31T11:41:00Z,success,,false
dep-1055,checkout-api,production,2026-08-03T12:14:00+01:00,success,,true
dep-1056,checkout-api,production,2026-08-04T09:07:00Z,rolled_back,2026-08-04T10:01:00Z,false
dep-1057,checkout-api,production,2026-08-04T10:18:00Z,success,,true
dep-1058,checkout-api,production,2026-08-05T16:52:00+01:00,rolled_back,2026-08-05T16:44:00Z,false
dep-1059,checkout-api,production,2026-08-06T12:04:00Z,success,,true
dep-1999,checkout-api,production,,success,,false
dep-1060,checkout-api,production,2026-08-07T11:07:00Z,rolled_back,2026-08-07T11:49:00Z,false
dep-1061,checkout-api,production,2026-08-10T17:49:00+01:00,success,,false
dep-1062,checkout-api,production,2026-08-11T12:37:00Z,success,,false
dep-1063,checkout-api,production,2026-08-12T15:31:00Z,success,,false
dep-1064,checkout-api,production,2026-08-13T15:41:00+01:00,success,,false
dep-1065,checkout-api,production,2026-08-14T12:44:00Z,success,,false
dep-1066,checkout-api,production,2026-08-14T11:18:00Z,success,,false
dep-1067,checkout-api,production,2026-08-17T13:52:00+01:00,success,,false
dep-1068,checkout-api,production,2026-08-18T15:22:00Z,success,,false
dep-1069,checkout-api,production,2026-08-19T10:25:00Z,success,,false
dep-1070,checkout-api,production,2026-08-19T15:39:00+01:00,success,,false
dep-1071,checkout-api,production,2026-08-20T14:47:00Z,success,,false
dep-1072,checkout-api,production,2026-08-21T10:10:00Z,success,,false
dep-1073,checkout-api,production,2026-08-21T17:31:00+01:00,success,,false
dep-1074,checkout-api,production,2026-08-24T15:31:00Z,success,,false
dep-1075,checkout-api,production,2026-08-25T14:49:00Z,success,,false
dep-1076,checkout-api,production,2026-08-25T12:29:00+01:00,success,,false
dep-1077,checkout-api,production,2026-08-26T13:17:00Z,success,,false
dep-1078,checkout-api,production,2026-08-27T14:47:00Z,success,,false
dep-1079,checkout-api,production,2026-08-28T14:11:00+01:00,success,,false
dep-1080,checkout-api,production,2026-08-28T15:59:00Z,success,,false
dep-s000,search-api,production,2026-07-06T11:00:00Z,success,,false
dep-s001,search-api,production,2026-07-15T11:00:00Z,success,,false
dep-s002,search-api,production,2026-07-24T11:00:00Z,success,,false
dep-s003,search-api,production,2026-08-02T11:00:00Z,success,,false
dep-s004,search-api,production,2026-08-11T11:00:00Z,success,,false
dep-s005,search-api,production,2026-08-20T11:00:00Z,success,,false
